"emotional_abuse","physical_abuse","substance_abuse","sexual_abuse"
28.6249064137759,22.4190999084935,24.0994925546959,12.9772897429498
