"one_or_more_ACE","two_or_more_ACE","four_or_more_ACE"
60.851842608768,36.752350054072,14.9155644289161
