"emotional_abuse","physical_abuse","substance_abuse","sexual_abuse"
26.9817416785634,16.7255240814486,24.9906078593433,12.6831467428056
