"one_or_more_ACE","two_or_more_ACE","four_or_more_ACE"
59.0502667367947,35.4572094071681,14.2459989480802
