"emotional_abuse","physical_abuse","substance_abuse","sexual_abuse"
33.2238193018481,26.3449691991786,30.4722792607803,15.4414784394251
