"one_or_more_ACE","two_or_more_ACE","four_or_more_ACE"
64.394250513347,41.7864476386037,17.9260780287474
