"emotional_abuse","physical_abuse","substance_abuse","sexual_abuse"
30.7207774678305,21.0054290770569,24.8687723087075,12.207924652809
