"one_or_more_ACE","two_or_more_ACE","four_or_more_ACE"
60.2957497225472,36.185848405771,14.3135666936621
