"one_or_more_ACE","two_or_more_ACE","four_or_more_ACE"
64.8980135981869,40.8478869484069,17.157712305026
