"emotional_abuse","physical_abuse","substance_abuse","sexual_abuse"
34.4754032795627,25.7698973470204,26.7431009198773,14.2514331422477
