"emotional_abuse","physical_abuse","substance_abuse","sexual_abuse"
33.2215836526181,27.8735632183908,21.3122605363985,9.78607918263091
