"one_or_more_ACE","two_or_more_ACE","four_or_more_ACE"
60.7918263090677,36.7337164750958,13.3939974457216
