"emotional_abuse","physical_abuse","substance_abuse","sexual_abuse"
30.463326696443,20.7716730344939,26.2228918904375,13.0065113275574
