"one_or_more_ACE","two_or_more_ACE","four_or_more_ACE"
60.4423397729107,37.5773556476349,16.423612979605
