"emotional_abuse","physical_abuse","substance_abuse","sexual_abuse"
34.3760209081999,24.4936295328324,25.4165305455733,11.3688337144724
