"one_or_more_ACE","two_or_more_ACE","four_or_more_ACE"
60.7481215289121,37.1610584776217,14.4560601110748
