"one_or_more_ACE","two_or_more_ACE","four_or_more_ACE"
63.1560379918589,39.3541383989145,16.80868385346
