"emotional_abuse","physical_abuse","substance_abuse","sexual_abuse"
30.78697421981,25.6472184531886,26.4586160108548,13.9810040705563
