"emotional_abuse","physical_abuse","substance_abuse","sexual_abuse"
38.7696393007303,25.4702367780482,22.6930736888692,14.6050011064395
