"one_or_more_ACE","two_or_more_ACE","four_or_more_ACE"
63.7641071033415,40.8608099136977,16.6961717194069
