"emotional_abuse","physical_abuse","substance_abuse","sexual_abuse"
33.1338519848394,24.8952722920407,27.2092559345701,11.769399561141
