"one_or_more_ACE","two_or_more_ACE","four_or_more_ACE"
61.180929583084,37.8416118092958,14.5621384400559
