"one_or_more_ACE","two_or_more_ACE","four_or_more_ACE"
64.2404698836807,40.2971323275366,16.5495796383738
