"emotional_abuse","physical_abuse","substance_abuse","sexual_abuse"
34.6999884832431,24.0585051249568,27.9511689508234,13.6703904180583
