"one_or_more_ACE","two_or_more_ACE","four_or_more_ACE"
56.5126050420168,33.5871848739496,13.2878151260504
