"emotional_abuse","physical_abuse","substance_abuse","sexual_abuse"
30.3834033613445,20.4831932773109,23.9495798319328,10.3728991596639
