"emotional_abuse","physical_abuse","substance_abuse","sexual_abuse"
33.3377672840943,21.030228459313,23.7870373449503,11.2699943467128
