"one_or_more_ACE","two_or_more_ACE","four_or_more_ACE"
58.1556981809717,35.4959928169998,14.711848624921
