"emotional_abuse","physical_abuse","substance_abuse","sexual_abuse"
42.3990132593278,28.7002775208141,34.2969472710453,18.9485044711687
