"one_or_more_ACE","two_or_more_ACE","four_or_more_ACE"
71.3305581251927,50.3623188405797,24.568300955905
