"emotional_abuse","physical_abuse","substance_abuse","sexual_abuse"
29.971932638332,20.8767709168671,25.4744720662924,12.7973803795777
