"one_or_more_ACE","two_or_more_ACE","four_or_more_ACE"
60.2111734830259,36.6546377973804,14.6217588879979
