"one_or_more_ACE","two_or_more_ACE","four_or_more_ACE"
64.4019138755981,42.1818181818182,18.2392344497608
