"emotional_abuse","physical_abuse","substance_abuse","sexual_abuse"
35.7129186602871,23.0430622009569,30.9282296650718,13.3588516746411
