"one_or_more_ACE","two_or_more_ACE","four_or_more_ACE"
72.6844372644049,50.0403877221325,23.6537425955843
