"emotional_abuse","physical_abuse","substance_abuse","sexual_abuse"
40.9531502423263,31.0043080236941,34.3026386645126,17.5955842757135
