"one_or_more_ACE","two_or_more_ACE","four_or_more_ACE"
63.3692458374143,40.0195886385896,16.6307541625857
