"emotional_abuse","physical_abuse","substance_abuse","sexual_abuse"
34.5543584720862,24.1919686581783,26.8168462291871,11.7335945151812
