"emotional_abuse","physical_abuse","substance_abuse","sexual_abuse"
34.820607175713,26.295614842073,24.7470101195952,12.4195032198712
