"one_or_more_ACE","two_or_more_ACE","four_or_more_ACE"
63.5694572217111,40.2330573443729,16.1453541858326
