"emotional_abuse","physical_abuse","substance_abuse","sexual_abuse"
29.4736842105263,20.6907894736842,27.0065789473684,13.8157894736842
