"one_or_more_ACE","two_or_more_ACE","four_or_more_ACE"
60.0657894736842,38.4868421052632,17.1381578947368
