"emotional_abuse","physical_abuse","substance_abuse","sexual_abuse"
28.7670413776608,18.2073666586941,23.2958622339153,9.07677589093518
