"one_or_more_ACE","two_or_more_ACE","four_or_more_ACE"
53.4441521167185,30.237981344176,11.127720640995
