"emotional_abuse","physical_abuse","substance_abuse","sexual_abuse"
29.3728945322622,22.4151334542628,24.267945063488,13.3065561026173
