"one_or_more_ACE","two_or_more_ACE","four_or_more_ACE"
58.577351645504,35.8123866286603,15.2111946100026
