"one_or_more_ACE","two_or_more_ACE","four_or_more_ACE"
63.8893545683152,39.4803017602682,15.5406538139145
