"emotional_abuse","physical_abuse","substance_abuse","sexual_abuse"
32.7745180217938,26.6387259010897,25.3813914501257,12.3218776194468
