"one_or_more_ACE","two_or_more_ACE","four_or_more_ACE"
59.7685998828354,36.5260691271236,14.7041593438781
