"emotional_abuse","physical_abuse","substance_abuse","sexual_abuse"
31.1511423550088,22.9496192149971,23.3450497949619,12.9173989455185
