"one_or_more_ACE","two_or_more_ACE","four_or_more_ACE"
64.1685353475746,41.5201227428302,19.4382155080845
