"emotional_abuse","physical_abuse","substance_abuse","sexual_abuse"
32.491443408474,23.9230496872418,28.9625870411897,15.0832054762186
