"one_or_more_ACE","two_or_more_ACE","four_or_more_ACE"
52.3723858781201,31.0321565100067,13.0425005621767
