"emotional_abuse","physical_abuse","substance_abuse","sexual_abuse"
25.0955700472229,16.617944681808,22.5320440746571,11.1535866876546
