"one_or_more_ACE","two_or_more_ACE","four_or_more_ACE"
61.8687958567113,37.8506689684937,16.012084592145
