"emotional_abuse","physical_abuse","substance_abuse","sexual_abuse"
34.2468709538196,21.5796288303841,24.7949935261114,13.034095813552
