"one_or_more_ACE","two_or_more_ACE","four_or_more_ACE"
64.3088116410671,38.8439773645918,12.9345189975748
