"emotional_abuse","physical_abuse","substance_abuse","sexual_abuse"
32.4171382376718,20.4122877930477,21.78658043654,11.8431689571544
