"one_or_more_ACE","two_or_more_ACE","four_or_more_ACE"
61.9170281995662,38.7608459869848,16.5130151843818
