"emotional_abuse","physical_abuse","substance_abuse","sexual_abuse"
20.4469443599878,12.5950136819702,23.0845241714807,10.8315597446032
