"one_or_more_ACE","two_or_more_ACE","four_or_more_ACE"
54.7430830039526,30.4499847978109,11.8121009425357
