"one_or_more_ACE","two_or_more_ACE","four_or_more_ACE"
55.267629566695,31.8946474086661,12.820730671198
