"emotional_abuse","physical_abuse","substance_abuse","sexual_abuse"
29.6091758708581,18.8870008496177,23.0926083262532,10.6627017841971
