"emotional_abuse","physical_abuse","substance_abuse","sexual_abuse"
33.1194622670333,25.4506568897036,26.5811182401467,12.1677360219982
