"one_or_more_ACE","two_or_more_ACE","four_or_more_ACE"
62.6260311640697,38.8328750381913,15.5362053162236
